,user_id
10,b80344d063b5ccb3212f76538f3d9e43d87dca9e
130,bd4c6e843f00bd476847fb75c47b4fb430a06856
153,969cc6fb74e076a68e36a04409cb9d3765757508
183,4bd88bfb25263a75bbdd467e74018f4ae570e5df
199,e006b1a48f466bf59feefed32bec6494495a4436
229,9d6f0ead607ac2a6c2460e4d14fb439a146b7dec
240,9bb911319fbc04f01755814cb5edb21df3d1a336
264,b64cdd1a0bd907e5e00b39e345194768e330d652
362,17aa9f6dbdf753831da8f38c71b66b64373de613
505,d6589314c0a9bcbca4fee0c93b14bc402363afea
566,5a905f000fc1ff3df7ca807d57edb608863db05d
1028,c737ec8c1b16ce8e39115f4432c9a7fc21ec47a1
1035,45544491ccfcdc0b0803c34f201a6287ed4e30f8
1056,ed7d4c476013b1c3dd91982b61494bf7436083ba
1067,baf47ed8da24d607e50d8684cde78b923538640f
1307,169f9f4c68b62d1887c7c0ac99d10a79cfca5daf
1328,a820d2d4f16bbd53be9e41e0417dfb234bfdfba8
1336,bd8475385f0aa78830fa6dfce9e7242164b035c8
1489,0afaa5d9d04bf85af720fe8cc566a41ca3e41c97
1528,81bde1c3a845c64f1677bd9d28f2da85dfefcf30
1542,403b3b867fc71dfdcc12652f30e88bdc7ccd9aa4
1562,f84f5b5a5c5d1d9fb4866f6488e0d2661b54c192
1637,405d396ea64d75b5eaefaaf8ac836f45fa56af4d
1705,2c42e6551311710ca5a839d62058820a42ead493
1771,8deca80c3da6024a1456e123308eb94fee1b439f
1787,bf30441e24ef5326354295723d9fe1edf59b8554
1805,12768858f6a825452e412deb1df36d2d1d9c6791
1824,a58de017cbeda1763ea002fe027ed41b4ed53109
2003,951945330eb5df161ac4f97729647514001cd102
2024,2b6c2f33bc0e887ea7c4411f58106805a1923280
2055,c2934b29d64e467297c608351ed9695ce62128bc
2074,3f152d355d53865a2ca27ac5ceeffb7ebaea0a26
2217,90dbbbb47979f46ccdbc413d6b6e31cdb55aa58f
2240,ee03697dfdf668a9cd19a44a6f257b9d6a1dc60a
2274,f5e8cc6983d563ff255988b9ea0c53e67941f71e
2297,1fdf267d8e81db0bb69093460fdab8254e69a2de
2326,484b69dd013df1ec0cfd504886d4f647cb32b08f
2415,ff4322e94814d3c7895d07e6f94139b092862611
2440,d66f2f66f2bdc9aa3d0362a35fc91ccc844101f7
2533,0152fcbd02b172a874c75a57a913f0f0109ba272
2562,523a8a39456d5a96ae8f4d5e8b8b60f3bfb31528
2606,43683da3c6c5a93c7938ff550faf0d039a9a639a
2644,930d2be6c85315d72cab9823ec0f7bfe7e477794
2698,73d0a0c725c9b2c541635672bb0572bfcb7eb2b4
2738,ca80fbb6d0deb3cae53763099e2cae7306f005ec
2809,b41ead730ac14f6b6717b9cf8859d5579f3f8d4d
2836,2aa3b8c9f60070025940183cdd44602086d7b535
2880,e6b4dbf8e48346fbfd233fa96cdf5daee25ae77c
2905,99b5f915dd56a0150eb91605e1f6109e1e80c9de
2944,77cac5c3389010b64d01b30f725c24de4a5bb626
3016,a4851161aef67246972269b957ab54be3b002c8b
3030,b6b799f34a204bd928ea014c243ddad6d0be4f8f
3131,99d57b8925d3c30c534d2e651cc029fcaaa86cce
3171,edc8b7b1fd592a3b69c3d823a742e1a064abec95
3198,fe979a7b199de3ee8a78486c10e5ed13587fc359
3217,732f88be38fae217f8ab7e24c20dd072436e3e40
3527,0c1a6a1fc9b0e6df616c5bddace2559a7952ebe5
3553,3f9ed694a79835c921ef6d94acd28f876c1d901e
3606,1a849df9dabb15845eb932d46d81e2fd77176786
3740,a4a1daac7ba5534ade06e32c5b9d220eb5ce145d
3744,f28f980d8842ebfaa31e8fb3939aace4a43a18ec
3782,daebcdcf97caaf54a327b8ff52eca9f320599a10
3804,4c84359a164b161496d05282707cecbd50adbfc4
3816,8cbb5066924ec788e3fea9a4aae59586f46f38fa
3873,3b3c1e29095a98ae07e2427522244f10daa69340
3908,c2cffe9ccaa09a327e8134e9a1f24901801fb2f8
3926,01655ae6bc52e29c9cd100a7dde4e9eeae5e4031
4016,9fba771d9731561eba47216f6fbfc0023d88641b
4105,62f2f9b881dc320d745a90c0c10528d18e10deb1
4130,1b00fc5a510fd249d4d2f94e7f21f1e2eeb21cff
4131,b4e32cdb654ab914a0ac73d2bbc5cae142da405a
4156,f47116f998e030f2dab275b81fb2a04a9dc06c33
4174,20d0638c7ada27ac12346b0ed5ab99b39524291d
4219,7e2b716907a9a295d92c2f35d7e260aeee2b32cf
4296,ea07020bb223c733ccc55aa925ebcc25c4d97377
4368,179b2286bb4eea7193bcfa0c36fcfa4eade2b34d
4383,b61afb42335287239bd40e1dea50d849cbf8a9a9
4613,78e0065cacc15d6329be91b77045f12ab18cbea5
4626,3ff7a31452eeabd7a4e07f0d243c674e3d0adf46
4690,956044d724390e40c8511b49e5bf6bc28071de3a
4769,07caa920795cd4f20bfeeb0e192a5ddd9566ecdd
4829,8247c08db9dba6cc18cff4381c7279e540c374cb
4839,589d9f98cb25b83da2450733437fb9a79dda116d
4858,b526db34ac055a64202fe7af4b16130b7de545ab
4874,15415fa2745b344bce958967c346f2a89f792f63
4945,66166f4f57bb897f1f8e2aae6f53f776088f43d8
5021,5555d1bc4488a310753a9d7b4c4d0b92c2d5d674
5037,95942345306393998eb3a051ae5fa3c4d5afbaa4
5204,344af62cf08ea5c4ea1eb554366d221c1431f4d3
5267,2f343c8bd0502c4cf851a6970e47d296a4b76d5b
5307,9fbc0cc4fe6191cabdddf41124bd507dca08ceb6
5342,eb9d84c10ac4bffeb383a3a7c2d5207c93da4a84
5390,55e29789181da8b9c8e9d5f3b624a029492d7616
5434,eb1ad31d040406c6428c5f4420b0bc709b1c5350
5557,b1269307f2ae8c17062c6aea2502b099aad517b6
5598,95773b3725a96464c85a5121d00f2566e6e8b69b
5642,4b73abafd2a8309c29695ce368bbf17ab32f3d3a
5671,175fb4d4bf89b82021524e9485fffd47c3ab1aaf
5699,8ee90038724c4957eb4df16f3e9c6ed2b570a3ec
5761,7c5ab90ba508502a888843a71eef80bf186c7b88
5793,515c6d7023ad31411c1f6b11e0b2f56810348bee
5847,b44a7b18e5861d6b5c0094e43239191cbe5ff4e1
5981,bd64f193f0f53f09d44ff48fd52830ff2fded392
6068,4782b9bb73322bf80329ce5989128a67bc538747
6088,881f2e87fe2a45ae27d6e235c156c762ac3cb82a
6109,85d0d381551960608e02df98956277e495b3cf6b
6119,5d5e0142e54c3bb7b69f548c2ee55066c90700eb
6231,e5a70dc3270e08ee11ab1325297eccb3158ce383
6266,c2d86e9cbf756ce05ea3c163e24de394585b7c53
6343,4192e443e37ffa08f1cc02b10b42b4a178a09004
6392,0eda271c8bf8b846c1c0320f6b7656ca73b80992
6397,ed3664f9cd689031fe4d0ed6c66503bdc3ad7cb6
6409,3bd42c39df324c33509a40ca917343553ef38da9
6431,884209a41deb55df792f074bccf8af1c1c31768b
6656,d775b2f1e62284a3ff407b91fe53d08525f6f086
6668,8814f5d1f1d7177aa2efb6de6454504f3bb7b7bc
6694,9b887e10a4711486085c4fae2d2599fc0d2c484d
6954,399793ee5842e6f5b0b7f04fa5ec402454e2fe34
6985,a520488fcf049bbb5cd847cfa4f884c740692780
7127,bab8d135cf88852063ed4a084dd24c783d7ff841
7214,7ca1d6d28c87f8edb0b639c0a31cd14f7bc98fe7
7237,8dcb524ff75e0ad0f0a80aaccadf7bbaa3b89a41
7507,5235516080c0ad60972e4f4ce72238697e4bbceb
7519,5e161b9e14f303a0cef2d3f44d07dd946549f89f
7531,e4c05157f8cebdf3b9d689c441ba97c5ed5db05b
7625,8bc2733e75989c8de36cf1bb596dabfd72734e86
7651,18dc95f354220b343e98ebbb7c8564291284ed9f
7877,fbbf68d14c77af55044a7e27f7befef5c923aa08
7898,c162cca4595e5b2fbeefed35ae0f247f648d7751
7918,ea6cbdb88a3bead8ace9c163d8e8eca78e374a19
7961,0ef42a19efb74d0a05c308d00636c8d8d41bec0c
7984,2475b003df9c084c1488b2e63666e8cc87112180
8128,e0388a836f13f4c1f8aa600ae61625f087f40353
8160,85952991b8e3ca5803a08b0b2f9c6d71abf9bb5b
8422,2341121b6d6d2020303f02053dad60586e41034d
8444,bbcdf7099bf1429850d4d0a1440ef3006916f4fd
8474,56b0a86f8093f90d1c9ab1762467c44808ceb672
8496,06b31818386e598017a475f8e349b3ca31ba3178
8531,e8e8fda1705d4366eb47efd2ffc4f03af905d962
8544,25fc0200450bbf726c8511fabe31ecfdb81732eb
8618,17ac9905f03a5d2908ac64667fb156bf63ccae66
8669,e21477efb83bd323205ce6f5bd662f3df9d477e5
9025,03c90bfd09151973863c4cadd5a749cd7982abc0
9038,b81bead2912258259b67d88483244f88062d4a6d
9047,dfb41c400ed8fbb064644d173f8fd00398ca4370
9105,eda12b54342243175dba3db83f66eade127d2b4e
9152,7d0317ddb859a960cb4836e7c7e9982a54fd64e2
9167,f608c215606e6421a429ea28ad08243241d5347d
9219,3187e658fd71be99d68d96f3a61a436c8a607365
9314,537340ff896dea11328910013cfe759413e1eeb3
9337,49af82075bf3a444487a70587298fd93fb8bbe1e
9370,4691b4c353503da2c108e372ff056a9ac847c4d1
9433,12497e138741a0b94bb36a14bef32c9d0ee20fec
9548,ffadf9297a99945c0513cd87939d91d8b602936b
9589,685480702e45a90a3b38b543941d8ebb422aeef3
9612,6ac64072cb8f308f36c64cc4aafb6021fef70476
9623,b4adf5ac8bcba59011df7be840dda1134a47cc30
9664,37029a65b9925fb3c1964774fcab695b82955f76
9695,12a4a991c8b53cd6906995caed8b1f2bd3b6436a
9972,96e72774fb758108c78d91c110e78133c9ded266
9990,8caf9a87e266a22298bd977a63489d008af241c5
10030,1b704d4cddabea8258bd93497fcb73eab32fa592
10364,eb78cc7907c80266eede622da13510fc5123ae7d
10379,a54543f7282b66b3c8423181bf2789e1c7eb2edc
10393,9d100b4175fed9da71b76800b921c4a40d0208b5
10435,e2f4c0d8b5b7e50c31931300e9339943fc0cca99
10451,b009d2161ab50a122f8c81adb7ce0d40e8e42f2d
10475,19d6ebd8c8a622d1b0115c63bee06523792215b5
10492,2e37aa820994c7e8465721a6a6ee78f48fc4df7a
10604,956999576244ad42d6d41faac8505fbef0a4ccc1
10641,4d4abafb7dd7a30206747398c9225f3e06942b3f
10669,343fc3fb987ca12c3c5df154c2b4721ca111f696
10688,fb41d1c374d093ab643ef3bcd70eeb258d479076
10736,624d58f26c2e5691ed21bd560f8b3d30f932e9f7
10760,8f241c98c6cc95ab4a8260ff9b510c2e445a33d7
10764,806ccae96c8ecb1c198482aff785ccd6bbe17143
10824,adbd40c4f3fe78e7f49f491ea04859ea07de1ed1
10926,49004e0f0819dc349c9aba9d233a6c1a0d88c590
10933,999902c7302ca251b23f5c0d643debce084076d3
10980,c4bcf00d005e6848a032d94f7fb212f499cdc1ba
10984,4449f7ea241ceb4a2d1e2298c4aead417b26899a
11006,93daed66184da1bf172e853c537f72ec93294fab
11026,d305e8d98cf77ce3b90c69580dd3fc38e86fee93
11044,9a0215ffab0f8322aeb36fa6636444b050462a51
11057,c1fc436b58e28b3e3f1b43a4e955baa19d8a69ba
11095,3fef4e71c70ae99ef8a4da00e431f9cdb2b1b729
11123,530fe4b17c4c6d1cb88dccdf8a8ded8a19fe1c5e
11135,e701a24d9b6c59f5ac37ab28462ca82470e27cfb
11176,cd7baa603618c40b9290bd05112061afefdde8ef
11189,5e3d8c9728270d6557453f0c738e7f443feef13e
11218,be0a4b64e9689c46e94b5a9a9c7910ee61aeb16f
11412,e61ced632f8c40ec1842d0833e8ac0ffb9a9e934
11423,e11a55c8eecae195a596ca208ce69d2eb550689f
11444,b3de3bf6a0d2e5953d3095a58ee99fd362b97e8f
11454,7ee2550ad5867a0793a624eb1b3284e49639c45f
11467,0e695c8614e9d76a157f39d4b30e7b076d3f3147
11489,f0117aaaa329925350271431c324f4cf0468bb0c
11519,c01f9838d66929bd2494eb8e627054024a13d5c4
11566,f17b1b6f0e2dd48d2d0ffde4db7c5b385b8ec253
11614,b96f2a9cbd9d86b4f9f15978dd3abbdfafe26502
11620,7dd192c8bd4f27f573cb15e8656442aadd7a9c01
11679,116a4c95d63623a967edf2f3456c90ebbf964e6f
11727,d9f2ea75b38f548535caee41d2c0b0e3f9859b1b
11745,c6c57f27fed3cf897daa4f830a0e2a17e65ba77d
11851,52df18b9b1235ac56507cb4119fc5b3f6f010dcd
11963,c379210476d2044769c5f421e392c690f5229757
11980,8fce200f3912e9608e3b1463cdb9c3529aab5c08
12066,cc55e399781439435a046bcb1a4c78dc2c7ec0f3
12094,6b7a5895d266599bc414b9eb8fbad59c95b9a99d
12132,e3937c7c32f5b68422808a854a4a7a824ee448a5
12322,b11e6a84c54160e61efdb9cb5a572b419aa33ae9
12341,d463373940530414e6f3dbfa95f694fd8dd2d2f7
12362,99c8f28e3349b5e1e719995a008912b108126f3c
12371,4bd925e2dc2205d8b885bca02a88852fd9c49af5
12386,5086e11a2b5495ba0737636a8f0732e845103770
12401,ebb3d26d2662c42f6304f883c150ebdb2fb05042
12411,0a00498b9d607844a8826184ae7278097d1c008a
12443,bcb944b714cd54d7e263b21c49074d6a147479a1
12465,9c2032efba612bccec98435a3928b67d69350bed
12487,4208d4ac45e7caab7167a4ea6d34e759a6b9a1fc
12537,ea64e003562d2f0f39e5a7dd84af5b1969e0fea3
12566,5ab56ead71b71022f7043fef70a178b7035629b6
12579,3851d01aa9d1b2505fa361b63940e8cdc9a3e754
12636,529b42cdbc379ad2e765aec6d3bad8a192038741
12756,d5618c6813c7a067646edcf9c7243ccb95919460
12812,dd88ea94f605a63d9fc37a214127e3f00e85e42d
12843,a699816c7f4f8855808eee732a5cbd1620091998
12920,610eaa449a4793ea791ff12252845f6002794c2a
12989,0c306ce1440dec3b5b07b425880e43b4fb66fe93
13004,66a0167a7c636b06efc39953aca127667beea260
13038,53659e6ae51d163d5de5709c53707df87a669cfb
13073,7c593e9db9a77a2dc8d3d975bb837422d1b0242a
13110,1a640060dad45f7cb120578b24533f36907ad1b2
13122,50c39de4224902396941f7515c8414d4e3c48449
13139,28b232e7ecb32c47c05b795a017786d4be96ef7e
13223,fa1e129119f9a5ca7b34d3566e6a8e7a0e0358bd
13251,cf0f642e9e796ba3c47118687782426c5427efb5
13274,e188e309e19e0847a05156d6efecc04e4bff4fc7
13362,94d5bdc37683950e90c56c9b32721edb5d347600
13548,7602b1490de8e5ce87ac674643a99d8a569d79f0
13564,6e431141b00c8b8708bda73d658b7ef6ef156e5e
13590,68f0359a2f1cedb0d15c98d88017281db79f9bc6
13613,4273611413c7199a53ee116edc8d7b0ba56482d5
13643,497f5a58ffeaa953d619e95ca5b8736e74b99127
13662,ec25e3d78ea8374869a772dc58bb903528a3c9cc
13808,53ba380d234fd6022818340983570354ee207f6b
13850,5aa89364746d7f350d35a403da8f397bd9d32b41
13973,dc777dbe9ced6ddb5b813e7e0bbb718171b87870
14023,e2f4d01b8fc576adb490d07cde3573ff598a2fb5
14033,8d11c46a7c926f38b505eec8e6c4ebdafd255398
14072,1645b689f873529ab85e3b72742be44813e82bd3
14093,3fc803c12264ab6599ee9e379c565be2bb3b0903
14116,f10e613636ee8e1f4d3a7f2b21ca9cd36d2e9d8d
14194,390c2e81bc9cf885608a0891c0a7eb13f1fd3336
14299,e427f647c231c1bde8881eca5b2f5db9b3bcb2b4
14315,fca15b7964a099b2860dfdb158a2430fb10c4384
14345,1764b2ebb09e2a40e11ed82f9c37a53a706cc4e1
14368,e4b02864403d483586cd9c8ed6b9bfae56fe8bc1
14380,0560337e6a33be7149c9568b5fde5788294fe101
14437,95b2ebf54cd69d732fa433ee8994be5818793efb
14584,f00f83927e9e39cf1c1e318d5391a697523eef22
14625,6251be155cbf0728f2528bb02951e0bc6c11acb2
14639,9c4e14bbd043846b632d3737f08104dcaeb88142
14725,dde4fa01de271d51a4a5617ae79820cee7d26d96
14850,38db697de143ca55dcf259f99275624710e233c1
14859,4bc4ae71635b18628f4b0fde4ecb0a40d6d68bf5
14924,42c9fba813dd9ca8ca3673277a0f923b6845a7a6
15013,74e7ad480aa891a95f9b7792d6714cf1d882b86b
15026,4c96b97b22e0b53c270adc6165eaf64a2a48588b
15060,5a60fbe99993a5d49fe89dfcd36a39b7180316cc
15076,2d4df82baf7a0c2f39706a40c25f96fa0c61ef19
15084,6ebd0e701753b9573d479bd53811a8788dba09d9
15113,5b5bc0557423c6a58af47254385f75746fc5df90
15156,97cd6b9403a63af8b37839f959e1758a3923539f
15219,ea3b77e3f9b5688dc3998b2e706ea2c0ca48b8eb
15229,781d38e5e6029826707b207d7c2ef5c120fa36ed
15255,645a5b400d31ce69611137da3ebd35d11d4dda4a
15282,4f18554aeb06f8d8612037549100d6d8d4afd021
15322,14903f6491e335f4c5f9c42573d700e7ade59c5e
15327,fe76c9d535c5834e4a9b91c13e29be6460cb79c4
15534,135ae184f8552252dcdec7f82ff6f647fa76e9ec
15562,66da9a2bd5b588e150e08ff9510b59fe30a4abcd
15593,39eb6b6dc155f96203daa8bc9cd7ea55dc25a7fd
15648,51182330ee3e55d808df31a951032692c5cefe8a
15675,25c6bc04a88cda0dfcbb71d8f9d1f30b8fd641c8
15699,dd67a78d5f9d8140a0d83849441ca1807f7ea790
15760,2151970107e08d58919003899f952b64af0ee0ec
15774,8c0a675214831879573af98d632bf2684273e0d9
15849,e6fbcdd689ac0e85992536933f1f86503310447f
15946,54f71502eca501e23380cbb9934f451694f1e20e
15967,6f8453b0d9d2199f98c1992995a8445ad6837fd8
15981,ea824b9b2e5c9fd5916b1936f57ecb15899c9281
16004,f6f0022738877d8b6627093f094b71fac8dae523
16014,f694565a4451ed33e6741ede8cd3a7eaad66bb84
16059,6b72bb3671b838d92413635008e5d41bdb454e2f
16074,295773c4193b190d3527c6fcc228e879809fee1a
16093,fd585aef5c32d3943bd6e7f9f39aa216ba659fd0
16129,2c218a60b3d777e9e12d56c2e065a9644b5e5f41
16148,c24ec42f0e449ff39a95a01f0795f833b898f71b
16365,e507a8acd03bbd1f6c2088bd70a0ab2ffb277cd7
16384,370190e231e1d4a9353d50038f59a0a33f7168f0
16397,a56bf59af6edc5ae6c92d61ddd214989332864e8
16419,ae99321be6e9a79bb9c2dd4b2aa8b49fdb9efdf8
16435,319e7ef4be6f8fcdb21b40a4f4b22679d4c59e33
16455,672a1973a091e8ed8f4d46e3a740621f5fa4176c
16472,fbc8b4327aa8ae38d17b567f486468ca10cacde3
16484,0dd93f61fe69f292ac336715ef607214efb3dbaa
16542,779b5908593756abb6ff7586177c966022668b06
16573,e06fdac28cdd1d69d89de27868d5f02f71c2ee44
16604,84bd2acb2984b6f1cbc45866b89e692cbc53fc44
16615,3fd3acaa8dfeb94b0602a33085b44ebe80545dd2
16699,cb8ed62245335312d58c97c1d5c68b4cac682afd
16768,e9fd0bd8d99e77d97e8666cc6d065c1954040ddf
16786,249e86c60ec6fce5c8588d51fd94e85dd47ecff7
16795,6beb4699102775dab57aa406c5ea1217c4ff4869
16918,33807e46640c7be38f02b6a61d7f1a4f31446b52
16933,38f8b6f0abab153083b15a0512b18f617df571bf
16949,a84d63685ee588d45679887fba2c5ad29a9c17e4
16981,1b96dd04ce96aa7995e0f817e762ca44a24aab24
17053,22d652f8891ba2186a4ce3ee8de7c192148108ef
17174,1a39cf33853fd23d2242cf7b13cc8eb445befdd7
17213,1012ecfd277b96487ed8357d02fa8326b13696a5
17254,8fa25e588aeedaa539674babb75729ac9f31f15e
17283,4ccd8c954827238fb97bcedf005ef6b3602370dd
17306,9d84d1bcfde6464c02561fbb5dcb294678778b25
17320,97e48f0f188e04dcdb0f8e20a29dacb881d80c9e
17519,57e32b0cf88d1e3344dab420971ba46d08dd34bd
17629,8bde0ae3eda6b6f26c8a91eb5750d416acb3d508
17745,9012fdca7eee0b946329367498a578adb5271ed8
17848,3e85485842091c62ad86fa31f1e35799df1cf0c4
17867,5e2ba12ad8f80f03471efdab6ac7d4b1734773ae
17881,c5c7548cba9970b695f1ade5164c11a0101eb00e
17904,4600442e761b6f636a08134b10b9b6c38cef6ba4
17933,332de6dcfc5b597500a661ab51a84653705b492b
17974,b12c786deef0e618b5f277bc337f67128f425efe
18253,4b65fe3f5e0caff1cd870637d0f05be160a721c4
18286,a8268c552c1122626ba8ab4d7cf2f799de7931b2
18335,b4e93ce145d511946e444cbd22c090b78735c99f
18370,c5d42aa00afa6889de703c49f40ecb26b1c401c4
18482,c18b096e15ca0adf42c11763c9535973cc4b507b
18498,4e7c9c148ab29ae7fa5cd31eb4302762f18399cd
18554,1df33b965ac9afb508f1d36be3df999c2f0e5138
18595,ba8d1693c3c2153d4eb7952c786c575c1c68cc55
18612,bf03bbb01a7803ed1a5fec51bfe9423a79737d1a
18631,08c129083a44492415e40b70d8f90755e15f4a91
18657,15cc706a7f24975ca831aaaf297bf0392746b3fe
18663,0c876b6745da5d31bc51c7e86939aa9416556ee3
18675,c70c756bbb70357332f7d66ec9f90d2c50859129
18690,d3284cec0f3d1f36f44e73c0e834d657ca39b61a
18805,08d31ac4452516e702815fef13b2059aa8210034
18849,bad24a7b2a002cda673d5fb565720174d224a94c
18858,7ef2a3b074b34984f3f677bddde0f1813486cc10
18915,c231bc806c239b1322421e66fc001822a9b2c2f0
18936,2b79b0776bb0a23e1685e18be12bb54a47cdf6cd
18979,cb35a1b6ae2508fe236d3dd056707bf112930999
18990,0d176eb95537800a1e67ed5fe82eab3d2caafca9
19025,98f6ec3ec16c5bcb3f37a6dc01ebb1110fb42f97
19253,ea9e916140454964041979c77e40b9c24ad189d2
19269,c9238dfb9fb25e453c3b9166fdf85cb8d5cd7ff5
19294,4d03c8ece064a369c8555af777b1524c458825a9
19305,c78aa603dd64a81573f6050edf759bbc43bf7776
19346,ec0bb33707cdc61a6999b41585a0e1f39d0ae6d3
19554,5754f85d21738eef9974685227d6243e3ed617fe
19598,d410ef7af76c35f1e84746d8c4467293ecda3cc4
19658,40e1c7170f652bc5b29dac49137bc7dab7396758
19711,cc0ffb56aff5365d7f10d05174324a061c07f2e2
19736,1b724b66314d54ad60efae79a106482072108afc
19788,446a9fcf3dfd3397b1d3e2d9fe8940fd7dd3da8c
19807,38d0e8b1fb8fd58a92a0eae6480a00a02d51eb65
19843,3f9a8180776f260cd5bd933e6c49085c687856a2
19910,f927dddfe26b0c74ada3eaadca41bfb462c37ee4
20166,4ad8037982f52ce3e38d7ae7f6897401630141ad
20225,0e68e0821495382c78fbb91758c250c8edf0cfbb
20383,36ee240f72368a68fe8bbe74c72330f4550032c7
20454,788b4a6742e3591ee18533ff2193f7b3351e991e
20504,de4b6bc067e53e24a479ce0672a11af971c31c08
20603,8c988121b42b7ea022387235373d874902025020
20633,e8612acfb1572297ea0eaaa1f27927d55fdcec65
20702,c3953e49b785c940f53a556abd9ca681c5ef48c5
20741,28d146f636c529e2becb72c6565be603b1fec869
20748,924aee632d58b1dd81c94cf71624dbaad40a2dac
20786,36885419d8380902f7f3cc3821d8ed282e6e1600
20801,25c685bf46dc020a5a18219a76b911e27b02dc0c
20817,f0c186575b271f43a16ff2325657b4377c72559d
20859,fb6548e795d1c866f3079619da22fbcf1360e5a4
20873,76bcebcaf7b1f20c857bb8a23d0030b086cf292f
20901,46ef20eaea929eb08509e92cea6b97edbb0bcea6
20941,0039bd8483d578997718cdc0bf6c7c88b679f488
21006,abb000feb50180aa9db8438a80c0359823eb9366
21019,2c4c75973ea3c0f2f2443ad03f0b89b3af922274
21058,68238e23f78df5e5e891c89f1ea1cfc9c85d9fe5
21128,77448d704c1b9acc37037d400302ce7f8a9496c7
21323,03ccd6969d796607ca4e04cb120e56fceb823445
21394,fd13b9d49c54e00ff413fe3c095ba581c7fc611e
21517,d9b64b85589775e7aa0ac5fbb7fbf255f8792b4b
21616,72faccda324c80af5a943b617e5558088d5e9156
21640,fb2f2c0e39e233622c300c232a6287738007e34a
21678,905e0bb88e1f84e1e59a597218ab626ceb9c9f3e
21781,b7e8058333e5cd56fce818c6701e354ca9350321
21792,b6c8205aeab398dbef83373e393cefa2ed61e33c
21810,3600b1c31c4b777027ce8e2661936896e9a8fde3
21844,a0c568ae4db80d68428a3d6c4a3aa6157d611c02
21860,71c5f51e225ceaca4fa1823f0cce080624bea9e3
21875,a36834ff1c3910e685a9787e4d16aade6f4d3294
21973,b46ca26d4ccf3a893299fad2b198af9374276d9a
21995,41c5b7e99173ee92361de263dfc0c5481e902c16
22003,826cb37d1226f97ccb3ba7c21a98c56fda02c120
22066,6b015fe063d77e86c3b995fe1c18a2fdce9b8946
22134,9b633384fe2be667725bedc568d50a96532deca1
22226,4f06eea7b692965d3a571090c7c0b05a851881c8
22252,0e2a5a5a473805d1a65ef7b9dc167942de56abab
22290,681f1c40ec8538eb4d5d3c95b4aff1697bf6cda5
22322,dbfba347d43a6eb2ee3452ffaeec44b5bdb9f799
22339,cfe2597d65893dd89ca0d8395d11ef5a2cc4bd80
22371,51021104f92c3d127b18a720bef86a0c2cb9571a
22375,debd7b5a906c947738a5b9f0c899709817643301
22410,8c25b634cf381c1d47f9301c7222a371ca0f4ef1
22550,1bdf12b7ed9b9dbe2822970c7ed0bc669e558c3f
22598,38101377960ae50c563e4c7e9e719dd2d4b4991e
22646,7d9d39d646e13c04e6bc8a89d0d05429d9b3fdf9
22667,98403bb989442671e14054a9a4638338dcb67576
22721,36c2856d06977ca806b5778b063e7b3ca829b07a
22763,355429a240c40b288d8b9c48e2849c5f67303dab
22779,51bb4e13b0d2410da3d779af90092eee9b159e4a
22821,087b949b3fde63ddab83d61d4ba82a6f162bd50c
22881,c54663dd2b08fe7517f634545093581b8175a924
22918,edc4e3b50cb4f23282a157edc7ca7cf09afcc093
23126,729162979d4c66c8d9b93652b30b8d9414ca06a7
23163,530d2b9883106d185d2ce0e2069b89a90a63c55f
23293,38b3d1771dfbd0d8e2391ad3749f0bd93643210b
23410,7321eacd7dacb47f92f8a364b50df9946cd6e230
23517,626209e32b0d7a616536e8063b6a23c9a106349e
23521,9b392166d01817895c03dc190f4eff58153a25e3
23567,5da1733165ec293a994dcaf2246565443f714039
23577,8ce5dde3941dfc039a6384de713cc287f645412a
23674,c02a859df7a3f893cf6ec3eb1f3e1bdd6b6f3065
23692,3cffdcdc03294b3712ad65df7d9701a655b4b735
23759,b5bb5b4df58032a1c72f2110fcd0c2e30c86b29d
23788,700c3f0cdd497ed53b3f0244ab11fb548615835a
23812,c89deba92634cfa0a7d2e1b696b82d67f5282cd5
23822,e3e9de8f712b435cdbe4e767ac2c414f585400f1
23845,16cd9a19b5a433919b3cf86073670369e8d2e4f8
23931,7ec12bb04cc91eeb52f5bef8833aa7d51ee9310a
23946,b5ff5cffd4595f615009be55211c8b94d5afbcee
23975,7c8338a3cec437b18cd74e66d9e3c99f426f3d13
24052,5424fc827e23610ac5378b63b33a1fc1156bc40c
24103,b2c691f928853b63498a125228a23f1879e1b9ae
24111,8207221df7894bb773bbe9814a4a8ef81b57acca
24222,e07a79f2d3e0db17991f6eb8d5a3314e22795748
24264,1a0ce538dfdb66bc665964473297990b17b4f710
24290,e697f7b095a4f7cd83f00575741cf5d1a1850b37
24317,faaa026f32172ae9b0ca52136787cc61fd4c4250
24331,86d0a8774e5eacc50cea329c54abeb73555d2f75
24391,4e8a2e741cbd0f0c8e7e434e7c157a64eb00f3b2
24451,3d69d90b1a57f7e7dd6dd0396a5a2b02a0692b99
24472,8b5fe07fc882a8f77e06a4dd61d3b199db2be6c1
24539,c537e1cbea96fc7a8a1f9ec3e07d751b5c933e1f
24554,037167e01a2b265b8ee59694db943f9556876be2
24568,69b7cacb67e4ab7aa9773b1e5010cc0fd98cc08f
24699,30626f761ab5f65deb7b61deda811d174e407273
24760,05ac75293decb5e1442dcf670556d099baf6639a
24774,cebf0b61b2dd8883359e3247979301d79a248c37
24781,556557a7bf50b6d4105e3bba1ecb8daaff7969cc
24801,5c597664c9e728cd776d8d4b9bc9823ea15abf6e
24842,a1e5d316b5e5151d8079a063f5edb42fbb8d1aa3
24888,df576258e114403b482a2f27f2c5619df4c27a74
24898,a84dab2d0dd967d002cea226fbc0a6446bbb7014
24947,37a8e0d8e4fc8cc03be56671e063af20237d6019
25026,50e8b82d39627c1aef0df5ad97b4a66a629c8edc
25136,4c6e2b39891084e55a670676aecc582a7ad5eee4
25280,68a6115c99279c5fc14b2d4e2350c8b8e1560b6e
25298,c68d59ba24af0df3f2c0332c9b8927fb68149b77
25338,d11d53f1ebded8a07ed80d9c153ad862e168b0ff
25350,b81b63d5c1f33fa670b56c491566b4636d5767c9
25386,93235f9469ab99ee196f320d1336c4fb21ae8d59
25415,c0b20c353055f4e82f098a41f5ce268007379b47
25432,6ea03299fe0e15c7dbce1a69fc1be81758c319cb
25454,354cfdb566f543bb5b810a4d8959d974a30797fd
25476,b98490b4e714cbdf98f4e819c150fc6eff83cb28
25483,b3600138c3d96e91c3c763d235a4615155eb5e86
25492,1e29a630789f366d6382ef220dacd13845a5b28e
25506,4926960fa1f2aa9f6c46bf591e83bb4e3d7f6a6f
25561,c4db08899f2ff9c754c4a8302a21ce7365f0b155
25579,e934f5a246024dea38ed8067da83d50a67683e7a
25608,c11f385c46ee197327cfe84d4b13f2b95639ca42
25616,10e1c96eeaf82f3076fe31bed9a67bb733ef9ff5
25709,9c77441414c7814cb430d272576e8cee2db0cdf3
25729,4bbaaf451f51a4d62e3691f79cc82aa0c2d0e663
25755,3d99047909d9c47f123eac09bc78ed8af367f011
25762,383fea5bdcd02eee18613da5812302ef3eaa2aec
25780,a15e46cfcb4158cfc84d8af0e0e90ae0e06661a4
25811,0b9a6a7975b818259222ae7434a1095834d25b92
25855,134f64ac7c45b7b2808574df0cef33f96cf54b73
25913,cd4566f790e053cccf8448fe1d126f3c4ef2e996
26034,16f5dc37b96c153c462bf306ceef36112d36346e
26077,818d363c191b02180f51d8569eb65ee8f2bdf888
26236,e9b86ca8cd62f072419112174f1a9427dd40aed7
26453,1ceb5b69909fc226527ec9a3c83258569e3bedaf
26478,5696bf760215a24ba6f381b8e466828131ddf13b
26607,0d0f80a34807aab31a3521424d456d30bf2c93d9
26640,3ce7067b513365723918990494043ba6ad12fbc8
26658,e859ed1b50bc1fd3a0fe3979bec8a633dfbfe344
26731,298046102e1a580f22be28ca99ffd1c6c35db1bb
26771,d2f7afe12fbd26fc2bed0039740fc6af579920c0
26799,09a1088c7189e85c1088d43749247fdc84881567
26879,43e7d807d3e0213f8dfa4d4d156845a3d71976df
26895,d3d1a42ae9889e9a4b0d0d8a484e62eb5cd5f7be
27005,671535e41cf20fc48311fccc5256aa1e18aca115
27071,7b6801d157c41dafd3871e2a88e6d1929a48a630
27081,0b03286244d1cb0662fefddade241f56a1bae573
27136,bf00bdda03e001b3d8ab6a63f16a8bdc371648ee
27164,b47e1ddd6072a05ad4a2ac718e6f1eca3c99d70c
27205,17ab37e19269a3d1e0ef60892b7d06461774c148
27218,cc62e608a1a21353e1673817973235cde4116bad
27446,9e203b9f99b39fce61aca28d439dcee8c7914420
27492,b7fa3fe1f2d2259712e7d91fd8d2039b25798897
27511,4eeb2b3849621d81e72010cf6b01147d86220ac7
27535,83d749fe111a23344f4b347a25ee653d66396e64
27633,fc604c906ec7bb98c494ef7659b0d3dc75503812
27677,0a452fab76371dc44e0d8ad6f012b2ee346617e5
27687,ba4ee5987d1bfb288926f74d9fecb60385b43860
27711,b8668c3da5fadb1f0f9f88608d1940b5360f2ccb
27718,d78ac5a502737fc0da12fe564b14654f58d87466
27798,4e32e7efbea85d6f73a1cad6abb9a0863973d433
27857,838108b69c82ebdf7cddd61ac2c0e1d2572e43b6
27897,73c3ca3eb795705018c5bded9cd6a5559cf62933
27936,25918b59c1b7ff80dff2e7ca5fd88912193b0503
28016,96de646dade100899a06e48d7df20846652b888f
28066,da3752e8cc04d3b335d4d1149df799fbd47237c2
28143,9b1a2cbd5d5c40fa18ca5c38fc6d5b6dc2921dc4
28159,a0128276010825ca58b3c9006311f1d2c6f2483f
28210,1308a501ceac8d48b544e134367c4cac114feb26
28231,3a6b893f5616e95213f61e87e3022a3d665afa7c
28249,eb7e19974c5321dbf6f8c9c9c61f52db4681bd29
28307,8244d38b6505d44c6f44a4b29ad7fa260578e419
28358,bc3bc88934db1d20cac25a96a9f1c057b98e679d
28393,a3fb99d74a6e78329d34fa30f8bfff25442bbc5a
28429,db3a17db7eb306d986a13762abc118d7a508af19
28466,85e3419d1c9a24b532943283432b8bc08d9ff882
28472,9c08ae642cda7f69dfa3f00c4593c848409bbfff
28551,ac1cb58f839ae6773732125e99b4a7394e0661e4
28756,3d922caa4ba9b9e7e5d87bda2a0f0d532ada81ed
28791,6df4f5b910ef83ee016e0b210d8630719445c700
28815,d370ea8c8bf4d08c34214abb7f17e482c2b774d4
28872,f75f28e55687cb252e52f50cf93ec5be7bff5e97
28885,94cc291f6455241c0c1de9db5c0f1d70a20146a3
28898,b5fa506db94aabf3f86e4a799e8af247a26680df
28943,a5684a503fb4e1079e0aa4ea223cdfa566bc1579
29028,d8cf86a2dd6406c0ca5e02d43982c82402fea60b
29070,8b0578e3b7ee700785e4c9d9726bba44b3472bad
29091,d63ab7dfb4913bacdd8d771216074d8cb3e887fd
29131,89b5eb4d62536570cbcf1dfe621f5d59125568fb
29155,530b94ecae74ff525738bfd053f1bbee2a505078
29180,276aff7e222be66e5e69298f631c726907afa1cf
29189,de4cec62bfb6a7be09ba1123bf03c315377be7fd
29221,a288b2f9e7fa17486a33aa33203d53a542077d76
29232,7aec2eb348ca2deace19d4829e4f4ddf48e3f912
29261,f8ae59c070d0b3fadc84c4d9f18475a61d7d37eb
29329,8e8b32a1621d2950fe9a6384d8fb594fd25525df
29638,7f4c09f1e5b09f9f1f14a42708df71b44feb30e1
29746,e22fcdc5244cb450ca181d72f293229b5e02249c
29766,d3603accdfbc59f5e5c8d32dd3b3f45788756168
29794,d35b0732c847a16b8a58beed5180e3287061b439
29837,47cdb865650adf1e789b8cf2649d73e17dfe27b7
29853,841f98bb6dbee8d229767839a989d88eda9f7757
29885,c2289ef976862683593699ceaea8889f9da279b2
29923,899ad8c283d7ca9aadb84ad93a00d6cea50f1fd7
29965,855df4e3ccf28db6888768da0cd588c5daa7cb7e
29984,4f8069af6e4de72d619bda3801c0d44f8cc82719
30001,15b64f7a097c90b540b492e360a643d45234cfd9
30046,7be439230bebc2193fe80d33219313340819176a
30204,019d0d1c7a01f8736ba59a124160e5fc70666db7
30308,c01c97d7270db93277833ffb63a6132d3f134238
30317,db3ce83a853d8185d34e02c1dc817d7989475b88
30351,a35b5104fb1e002ba16dc72b1ccc1f908f9a131d
30401,93fa4d478220364f99da5e8648b661b24df7bb12
30417,b441788992d8d31698a936d94c149ee74252f0b6
30475,2aa991d816553f172338ba4834193aba92abb4c3
30515,7b544bb0c02878033e4e4eea4df0a10466a71405
30584,fed37c4c49c9f217b3371c2f2c0e7541656e55cf
30663,348e742bd90942cff36c5f9c31f1f0a3b7591753
30686,bc281e9299c877b533df33326547b127c5f8111c
30762,b2cbcf5ea3c6ea3ee41ceac0ef247c2b1ddedbdc
30806,340859101b5970bf435a1ecb8c40652a428de8ee
30851,9c8bdd66608468fe0779a978765aa8760572c99f
30916,fbd14aa950314d4ea7f64c50f8b357d364a5b94c
30933,68155015599ef535e5ffc92cf55e3544c8f51d90
30954,23fd43c7dce6e899792fd41036eb3069baab43e8
30966,4c6ec11bf897c14a44f56a9616f0942764d28227
30978,3800316358cefa31ef7047a14134b5729654a761
31024,df7559a12676263dad3af310d99dccc15e382a72
31038,5d5292006ba24728132385c17927c3ac00225498
31095,0ec9cc33028dff6209aa49bf645ef64bdcbe00fc
31115,6e90c8066ef7a7271b0b0365ffd705caa4e904ea
31163,2ecb1e0b9acbb2070fe7cde895824c3922dc783b
31194,62c9cb65f8221a68b50fc60650fdcebc5904063f
31251,4f0ddb2be2780b5841f966a1c25210d89b8a8e85
31269,498479b43245566bc99bcf5473cc873bdeb940cf
31296,85de112e63c6c3b4272ae71fa2ba2c5fd9e3032c
31466,aed57ad1b08eea72bc966a49e37802186312c199
31588,8f0e25d95d6e30f0993b9f57fca6c431d78f5a2d
31674,0f6b8ea5ba6f7df04932cee775b4fc2eb9281dbb
31710,b120b6564a43de85b3e5c508575e272df18f0538
31720,812cf79ba35572a8c427953f8dbc2a499aa1235c
31740,0659229d409ede40887c2a4bc44e8b264a7b8b40
31782,2a8a8f48fd4eb5ca4b64874162df4fdf584d89c4
31855,adf6a9704716ca63c98f81472a27ffc3523cf683
31868,54b96c7e5f266326271fac0f01b2e1dfba1fc876
31891,d605b7fe1645e05ff094b364b603456ce8126643
31921,e51bbbd28659be4018f7640978adfbd96dd2e9f8
31937,77031dd03ce64b026eb7b12adc6ebbe96224c941
31939,9792d04129332d23112c129b6481ea4c728e5c7e
31969,e4d4e50c99ed5b3dfe740fa1ccbe6be41eeb4f35
32036,7b9bce4c88f478500d4b5766acb1765f86983631
32091,e0355e3d283e6ea57efe67aedf0110524287459b
32108,3a5d603a2f97a9c5af4d05fce82bff041559348a
32135,d9f1290b068e09c6516cdfe115277cf24c3ae293
32189,640ce32f473e577a2f9faecc7747cb818656512d
32249,35ed283ca7c23d7c55acca818f6e295934a04d4a
32296,e376b24d90c39bdc1eb4b184b0e1374f2c112801
32331,a53daf8c24f79a519aa01696912d22321b2f803d
32439,f5865320a3e907796ccdde833531aff0e6a2819b
32457,e63051684b17e6ac91aa4dc82036950231b2e630
32483,88196b0f0c0d76e819237dd2853024263e6e1631
32659,e0eeff31c4975103c873b118626fd94bd90564f5
32687,c52c650431343b7a3f1e7d74cf4e404aa1e63745
32701,745cf1e37e3f3bd8aaa5af509b566ff643aad4ff
32763,31897482e3e42923f011085ab9efb12a9d2539ce
32785,28a13c030a3f5abbf7ed66ef8d214d3c3cf933db
32805,ce87ae0c8777f209562f884c56cfc7f5fbd8aff2
32844,270dffee86b3e7bfb81892f5ae2c60c1d2f15839
32870,f44d8770d07911d66c10c60da16c46b792adc894
32881,6df748807f979d27c638229f6dd1d39a9a0b7f61
32916,86cfbc3e656e30fa56e5fc3ec23d8afcfc11a22f
32943,43a26f554db13c6852489d2edf2614a74e9010c8
32985,480a08cc4b0ed5da63a5690279b8e90e045c54b2
33004,90869545dedae56f33e3bb3d5120e7ed0e8a21d9
33021,93343771b28f20c8cad2e1ae18cbd77235b1aef6
33073,5462b5897ac839f2e0a9b0a8e824c30dc7f30cd5
33107,2091a91cb091b4174738dfa64bf7422605bc66a7
33129,ce4e6988645faf5b7996a5454c9f0b0b7a540aff
33150,9756eb22e18dd0339be9af22df75777a25d1bf39
33176,c805be0828a5321aa74ec285a394d9a02cc259f8
33213,2a4f77664159ab2061cac88c748b38bb64fc9548
33232,063ef0cd02c950d0fe5799257907d85c0d341470
33352,8d7a377e07cbfbd379697674fd335b9234bd5b96
33355,24d201191adfbd97d2cde9f440cf61bbaeaaa5a2
33378,75be24a82525a5b466e4f518c95d72f20ef76ca0
33671,b88de0b31ca3b37eeadcdbf43f327e9e83a2595b
33706,b380327f11d2f9899c701f51b4731de3caf6b139
33776,9b285d0b497bd45d11865b854091613395eb3197
33830,71adcead7547d8c4c0d4ab616ef10c6c64a78b34
33862,ed3be4ef883a2a7abeb2342527a55c709b780a1b
33931,5c855c96196f23de17179bf5ff3a46bbbe4ed45f
33967,f4c7c7eb3c53d3280baa28aed1506775f28812d3
33989,76a93df417be0b66f3b40981f78d677db16dbe16
34003,1986f5657d2e87dff2c09be1eb705fed1866b399
34033,6427472ad76634402c0ec53efa2935ab6673b3aa
34045,ed0f4979ffddc0010244638a3b956510624dc6a9
34378,581d7afe5a36f20d00d5a1ec2e7bb36a0135ce4e
34486,1d0e2d525b7f35e333288e3d0095286baca23cd3
34559,6c8cb7d7924a76edaf6e494f59277624087d40bb
34600,2985f5774898ea0fadc05bd4c10253dcfd48d28c
34622,0cbf94d3a3f54e5bbd779dd389c1155418b3aa56
34636,bdc7c976ce178aa4e75bbf9874fdaf327f3d3fe2
34677,beab889eff4a3493d8de6b962feeea8a1b5d62be
34790,e2ab3d64f84052226d05c89c4fff779a52bff97f
34850,abada30bfac12b807ce9735153fa4710fe4307d3
34869,bb84b605789d898993e2c6fbda4d57a8bc8da369
34888,c96a8e2a24091554ecc3250236acaf8cc09ab188
34911,719e0f56a1c53db06e92637c54c33826f698aa55
34939,d7f41adfaaa9ce6178371a8172c259775cfb82aa
34970,854c2f6006b851a8d0583d6947efefbeb7907199
34998,aa80992e5d8457f42aea6ab238e9ad3c346fcaac
35002,1387fa354f537d53a8124f21c74ff6d7ff524feb
35027,61b5c914308cf06f29ecdf036e05aade87d48d47
35132,7c86176941718984fed11b7c0674ff04c029b480
35217,ff18ea9a13583f7f7aaa83719e0b22ce5618e9cf
35293,1dbfe3d49c838f7e9e8a108f6afa037bed391910
35365,70161ddbb03f14a972c47bcbcd883475b84a81a1
35438,46ed213b6429d92ceb35e8a5553007c8f0b5bfc3
35459,dc7a0bb89d69e71780c33a9bf9084284fc294209
35504,9ae23008dc462f59a7e5ac74d9fb03cb106096dc
35592,18bb5b0762063e6d2a5efc933b907a64ec926f32
35621,7b4dcc25f741d2cf272d2fcfd04a032c68d38eec
35639,a70e3e7eb050c31f07de865758ab1ab7cb735826
35673,079255bdeae163a2a66f9b9e33dc6e3f0e4e6dd7
35685,cb1a2953ca939209e26337a8d6d7c2716d6b4248
35717,57b4b9921b3eab5f8bcb76efece1accccffa1004
35780,c5ef1f72c52de43647ef960e6a1e0c53ae37ef02
35789,2a294bd589db99006b60495697de1f4c3666e1a5
35908,ac397c4b06be6daacff8ef3a5fe4e4eb1781d5a9
35918,73e9e981d5fc2a6453cdfb5025e2fa0a144a4142
36054,9642b099d56e3b2002a42320afbf83606bb06f2d
36073,d253ea7a210de16f723a165fd8525e8fc73f3939
36102,48901d4b55615deb4231a07965a762e605343dd3
36117,36c4d97ee375bfde314e938d31f7b32e7e195fd5
36177,9e924bdbca1f7eb8873741a929e133027fc2f593
36207,5c2510560078bc7d66ac6ca27d4c58aa11dab1d4
36234,763fd2b191396bd6343057f1d05e1649b1a6fbd6
36262,0afcc0e9095c8efaa6efc60db63e5f3b7a5a5000
36277,31c44e3a00437755069631cc25f94b4511771933
36305,3d35a87576e7e8bacd04c97a5502404e141e9233
36351,e1d1f6bd9500087b1f77d0d47a12f4740aed6f58
36368,14b46a393796e537e15eb2a6a2544a8f86e2e5cc
36399,c9994a8139efcd587d0df268f578b89568e5de0d
36414,896b3326a69e0b39762896c7499dc681da56ac67
36445,8465815105a293918b7f0f4b24837d93c894c89a
36458,1ee591a388274035a4fd8a4ae40a9589d320bb9d
37047,5e6d145756bd99d8ec13cf1bdcb08c9433727e02
37064,6d4698e5c77b56e54c5e4ced67da7b99fb6dfdf6
37100,40e30471ffecfd7b5731df8ad4ed4b7c62fb3b42
37198,888a965551f18e111fdbf17867ef64a0231fab9a
37249,ac05a6127dd0098b594c273778838ab186fbaa43
37251,3ae4bbc2b3f93e4d789f46a1a0d9c30a33063340
37280,1c923dcab3d9a822328e169930f313178be819a0
37316,3a6f3d2e6c4491d95bd22c6075c744dbeedb4cef
37324,3ba3e50d6adecf296b904a1516a77cb5a64dfc2a
37415,d838e97500dfcef25dc123ce501e2da0e6c361bb
37553,ee6936a4d513142bd00d475dd3d3e6b08b88652f
37612,f015075eb9b3cbdd629ecb23186491d551092107
37637,ddd4fe98c55187b75bbcc3488cd485a27cb26099
37705,dd9e6924235d74c8d74f266d13a48844bc2afbe8
37725,bd7bf8a7cfef10b5f59a7b6ca637540d2107ad49
37741,c26e08f6ee82fbe528bc94a585a3f785a6e77397
37782,89bc5817b49ec68b6f2ccd677676c51da9139d6d
37788,5733e74e9200a729955fdc2d8160c3d92aa0ab6f
37827,348359b071d2c8855695c479672074548b43a4b0
37845,b815402389348ad52b1152a5cb2815a3bca2f214
37894,cb921eb5aaea2161016c0842bff830bc051b0bb5
37911,a050120b2b904bcb3f2cdc362e00f1e6bbbb7b54
37923,5f07309f801582fc0fce1c176718d065fa6ea079
37988,4af3839455acccd403dc43faa59ab51de7ecb5f7
37993,ba6d4b7387aa241831dd879f9ff1a697ff508177
38015,4632b0b63f82a27d2262d3f664bee4556ccaaf97
38042,f5fd22336bc56a56d4fe64d3e753ff5275db1c70
38067,1ae87ee3f4cd5cff7ba443da3d41836182c08245
38168,73cfbbfc36ec6f6d2fccb9dcc8fc28e2604e3a18
38210,942dffcd3aa7b7a98b405b1c0b3cbaab24c5fa4a
38220,f904f6ed9ac7c35f4771c69a9ef38e797e4e4baf
38272,37de1b345ce1af2bee847872da4b886e0bfc8362
38318,a37ca4c1a3c0669329282eb2d757e1cb365d0631
38343,3c1b7bf269b1cfbb42f6bb8abb622ce720b7c00d
38361,dac821fa75a40a9c1dd845864b120cda076f3813
38435,02c2dbc1119bca9513259f1b1903432538037d10
38474,cea5d4345acd83e823e7e02839521455045c29b6
38522,326dfffcfd9b8210d71626d91592cd03ba493b50
38572,b4bc8f00051edf047f120b6ccabc8b81e1927639
38587,5b27a99169fd85d31b9c46c6ebe16b42a40e9911
38626,405d29f1c07646a27a3216a69d286fa080aab8e6
38832,6279734d7e01ab803a6c5d1a49c9b902d2c554f1
38874,b09e30b7c10fe07b9cecb65a65b89a3e17d016e2
38899,8f5d48634ebccbcb6f5f8ee28f5687eb1583b953
38936,32fe8a8c93847b8771d357411d3aa73413d72779
38999,bc52ed22944862375579a227329a3cb98142708c
39071,8176760411671009ff348ead5c13f98b88fef9e7
39109,644f4a874dad8aead067ba0d6afe34bac0d28c9d
39116,4d996c8f99e52d6d20bb992631886dcd12651c65
39158,7aee2e5e3fd83fef7fb576cd5d1ae3916cccf0d3
39172,1dc0b27138685317425ff57338e49e3d383022f9
39245,49d20b2ebf80b6b2ee7fcfe93210833daa894c82
39262,06f6fe893a71eb9936bcdf81591ef9cfa792d126
39305,f625cabc005f268d8d9f5a46c4072bd49e3e6d4c
39320,d8df72fc0d892328e92a8e7129805da4f14d65f9
39452,867d0328105ef693b9b880b21c9c90fa04f34fa8
39569,3a2d14d806542495b8c522dc2e67c8f42e770589
39624,84e59d648d1c8fdb05d594558ea5bea96dfbb1a9
39671,c678d82dceaf9377b75a407a623740d06d44af1b
39712,15ebca6f56d2dbbb94b5fb72f4b481ae9481f6af
39733,9d3b0a91c20d8d2759b069251964dde1f99b2763
39793,b5b50bd23dd36f20335eed7f081e313cdf592c0c
39845,6fdf27954530ec03740a003b1d226a1341254d75
39881,76235885b32c4e8c82760c340dc54f9b608d7d7e
40198,ba48ea204a2d5aa4e394f6186b22f64aab39c261
40214,7ea016e249d4851792aa36d98db1b58c9674e592
40245,467a4f49d627eed03d57ede137133bc690998a28
40260,97cef9e72f7e5327b1f32b1b22d04c9ba73116b9
40326,623ac6b147f4d4d25f8240fbcfad5c826e331e1d
40340,6fae6e72f3079b6ca69e56f51bc597364470fbee
40399,6968c412ccd247eb383129803054ba185fde91a3
40599,f1471722827e7707d4fbf25ab7b009f5183407ff
40644,f950c72da3617fe94a02c753dfeedb5a7acf6def
41017,7a9acbc8569de8e7ff141cb635ab3b049248a8e6
41035,14a2164d869d1fb9562edb1a8e2bba195d17c184
41187,f3e32f4fea30bfb2c05dbbb84b0c1e84dfa9c95c
41207,058dfa536e28efc9dd0318beaeebd98b5190cced
41250,8003b3b7e36cb11ab1a3703926a2a723de16d753
41267,0e36a24e6e75334a58856920191aa7271480808d
41296,49917cc2a92adfa6e6637bcd9e7f6756bbe51be1
41302,29b40bc13a61c3c7fddfdfb070f384daf4f47847
41320,3787873b732d1d1d96d3ac1c7c07bdc83d59365e
41350,81f893f39abbe79494fb43abe9f8dafba90562b6
41374,63336e6e694361f57b6cae9f67bf5d793f86e1fb
41436,0f78b75616a51fc40ff0ac27589c6901bc0637e8
41870,10a3892e98246158d7a650d87c3666ca973eef37
41954,412c4636b3b1537b5767cf5e13d66de483df4ab9
41964,70cdd10334a370a8e0e74ceaa6121ec3c2b4c3f3
42001,4d8014f71ac81811ede984330be78b1717a1c46c
42006,f6dcd5180d7219559cdcc30f121b2b431cd7c4e1
42076,a665f40939631e279156345e0a49cc54a241bbb7
42091,ba0fb3286df53448c10c43b91fa35ccb7ddcc27b
42134,4f85abfc7c0ed5c7ee84b02650aa640ed4479255
42203,38e14a812d745cf3c5e09918b31b6a4b7fe0227d
42208,56b6469ac703c8f1aca0b0df8db384fd10d3a6ed
42331,7da13f5899d8634ca511658647b317731f2ca44f
42352,42fb07aaed4ccf666fa8a81dc38ff13ec106f896
42397,078bb0965eb5c6469410b740aee27d643f5e83c3
42417,380ace956087e21f01a6cd8b91c0543578ed999e
42418,00a443baf550f4bbdd974ba73720abf2759166f3
42490,3f34a22fb2d5c56b36de0084d86ec139624e3f0a
42504,bb1d5d9cb36a63b42a9c94f84d007e0627e7d2e2
42515,4f8529d7bc6ae437d084630894286a680d810426
42560,6cb4cf5afaa044c5bcf9db1ae8421167aa7a8f02
42569,cc9fc2eccf0d6fe78d1fb2b0c3ff924f54482169
42659,463d9d2dc3e1cb2ab86dba983134e279886070e5
42683,41ef7daf3d368922c9676d3f90c8fe931cac1d35
42782,34e98850451665aad24d8c4474d4565686d9d2a3
42804,fdb815231ee1d66f383b80d279bd58769dfe59ff
42831,5230748f8c48b0fd32ea0e508983fb115b2e70d6
42846,312366958fcb107062517567dbb68f423941554b
42892,80d0e18e5aae5bd6bc6b0cc917840dc9c63ed64d
43033,85f92f3711693ff3e833d77e606ab028807ed82d
43310,70067c78afadb4960783baed9e326cf4e3154aee
43360,9b51a95afc171f1c44245ace88fa930c0e63beaa
43395,fad2be1bed3a066687f47d2ad051ffae301d3203
43405,8f01d61e7ffe38e0367709a43e107626148bad95
43486,c5f40b021c8c4c3964c042880c1c4304a1a6e2d1
43544,a29b8d40470bda120239cebab1f438a677d49294
43568,4012a2b15ea8881a252a0cb5dbb6bfd7de926034
43613,b882a5b0dbd1a80533e40745be976f19d1fad5b0
43683,4e11f45d732f4861772b2906f81a7d384552ad12
44937,0ecb1f480ebb237dc7821c898c94219cdfe38789
44958,088b4feaa95d73bee79a30dce63022ce6aacfbd5
44985,3f3b1a24aaa8ff773e4eb56b620d70374d68eea3
45014,d1dc21bf4d140a1f98e193dc8ebbe19e7929be23
45133,b7bee4e0abd7a0ce8c0a1ea9d6c03fe37a2d31be
45252,ee535929a577b71ba77589eb65735dcb2c7f3bb6
45301,8693845e275e06d6441a9b08c0cba9de99edacfb
45319,9dc8b0f000792df949a0a0ad8eba2724335568f7
45548,db2e94a18c9848feabfec8b59908d312c4ff3524
45550,e0f31e1222913901ad649b3ef52f8b43f582fa5b
45587,c74f92651979d64bcfe5f1c3552651a7d8688358
45599,d030ff953b1518f83d8ca31631a177ec1d6701e7
45614,0d0dc361136730a8d39a29a8224db6f873227085
45698,6256c731435979a467e5475b7e521c6d4d059263
45756,1a4f2d9fdfd834e1a8b0ecc3559e67971d6e78f1
45891,9c636cd99fd19cd0c026959e796b55647e9e2b38
45987,ef60f1da62dd1d05ae22e2990907b167c3171389
46088,6ff002fa5c96a44558e77c15aff3abce03e8967d
46111,2d13f85a0541908aae3bf124d959eed4cb5ed3b8
46165,7418a0d451168de0fdec6185eca8f9f9f2cd4ff0
46190,0e98ee94e6752c0017f514e39ad35eacd2b0419e
46197,c1709e5c5135e353707fd4fe13044aed43058858
46234,c6fcdd70205883d5dbfd732272fb1ee17f75a62a
46235,0a9abfa62117d21f2b5f0157b886d3decd6fb864
46263,f99b9596900eb1d07136d158a4a157f9c40f39e5
46300,08368834de0aa0a58094eb94419ada791405369c
46457,99dd788445b253f1632ad448be5661567af9f733
46467,9fc658d18b6afd03f3c77dd8095762faaa41ac86
46505,fc63701e1400552db859dcf20db6ef559c61b519
46543,6131d7debff5555eb8e4a4e6e19b2c26cbc79205
46544,a18944f1928523e79c9594e072302a71ec10a4cd
46614,0e741cfe121bb619177be8d8a135a2d3692d9c90
46745,b08c89c2ba53c413375602b3d4687d4f9b260593
46837,6af6f297392d75844e09ed95424d49a4a1f179aa
46848,a638267332cc16d9493d53be38f318e1ef86a4e6
46883,fa60f1524b645681e567f1409ff599479658dcf6
46984,c9f6db3fd5534ac1767e57a4d082d38c5e29486a
47039,5bbdf0419ed1b0f865890189ef1764152461a3fa
47057,28e7388a08d9443c23524e4942ccfc1e9437b790
47065,b060d8ee0a018bc167f2feaaf9f50d5c84ac6ae4
47123,cc2dc14c7dac1037a3beed1c9094a6d710f3ee98
47219,ad17296a51bc948b8a3c2de6fa7bf8a5f4af7f4a
47310,24b2620223ee6443aa3d06f64129df892687ca43
47328,334498b1c6a5f8fb1c963338caccdafac68d5dff
47347,e53116e1ce4a3d5ffd333e343685a59cfe6bc380
47383,ee5e6de7d90730fbb624b3b36b4eb9caa1d2c74b
47397,5d430e925662032ccc3245e88aca95ff6f49cd0d
47421,cbf471272db7a183cf596a4cb79aa27e7d72dda1
47427,b6922730242c12ffc624470c7b2ed2fd402e36d7
47437,ec1e5cff98929e10cd8f9c70a94ccb2001c31ce6
47464,74174112ddb176f6e3dbf8879d49678308d47ec8
47546,ec6061e55a8307d9357c60d814c7a384d5fff84d
47569,fc595da220f23a6424a46f93627ce7a56a39902e
47613,be52d827a374097c1b9b73ba1589cafa4d9a8260
47699,162707f306224e61b19dd6152df756fa64a7b82d
47734,1e499600cdd715e2680691afb49004311f3386f5
47757,6f1cc8df35dbca39127dc4caad8d72bf2cfc982e
47856,4f8e2e1706afed3074bd52bfe672fcc4364d26a5
47878,a7c4e5316026288c499a59ff03d8732d58206c92
47894,d62b85f681dd1ddf565de9651f2137c625b09954
47928,f89a7edddf2889d1de69afa2a4e41a047c9351d5
47993,f9d10095c18894764196a70ed9dee7ed9e461079
48015,68c08b200edaccd6e6758b8a1c9236322a4a776d
48030,8f53fe289bd80cb1fee543613b282eaa9c483755
48064,3ccbfa3a981ef5b91f4fa38aad9134868584bb70
48106,be90f9e8d8c0001cba41aaebf4fccde54c364949
48131,91964f2b264a1068806b48b3d6902a9e0f833fe4
48163,7f980c8f92afb4132062bda5861121189cd4a9b2
48201,5d579eba844597fd498217472f07a83c26d71e57
48302,622ccc16f8221a3782fe623667f0f8d785a7290b
48327,ae082a1d514a40c16455e7a410be1eb95afa2089
48337,cb72016a84e34c3657d30dd97a95bfb7f9b8d1fe
48345,4500c60a01455508c0cc7fe982ec60b032408e5e
48355,050b132921f5bc4465a0b0d96cbd4e5bb7ba5781
48407,6b43ce6fe46d98d1b53db22a8f1cd5421baedfbf
48422,2acfab65ad8fd9bbb3612ef2a595bb290823e381
48544,b55d68f1a8759157038eb6688e5d6bb1b6336567
48590,e42183f2554f5aab8ed69955885c06dbc1991879
48675,a4e5df56b959395b187624d3e8d9b79f03d817c0
48693,80c64182aea519818391137e81df0712126002b5
49052,878bdaeb36c5de29e4b9224332c93dde3e1c6e5d
49067,00498f4bab2bfeb17680113c7d9525ad5b0ad401
49072,0cc1e1cf9147293498edb6a88eb63ec30c7d64c4
49099,96dcdfee7b6764238ac67e1148b3936635c5a177
49145,f1a94c1fdb88bbed8cbf26f0c6e039783fefacba
49189,f83608aebf45bc646fd53f97ca3a840a2c2a8204
49222,577099a5352259c9b10ce239b6a84d0e4d5e1af4
49248,fa65f290aaa6c9bad0eee641222398f5f0e2944a
49262,b3820910d53309221bb0799dad56c588aa1c0f95
49275,9d214a765d1d0c4a807d7ba2beca9a633b59b10b
49299,7049b343278b3f7f64cb11992d975bf8ab403bf5
49369,ac14925ba87614ae8bbe3845eb504df6e7184fde
49401,a4066374d64d5cd6c43541cc0303dc4f0a62e9bc
49415,38c8a08a6b432df513a11207f3043533d6f46eca
49436,e492ef91f879cd1575ab61e2dc5baa84099c1a55
49468,cb46258e32ab652e35c455a393f928f290e72d77
49479,424670b07ea60bdaafdba3a7aba1a4eefc5a7b51
49507,74198c75f7a678ef40f5ad8545ebd2307cb0f0e4
49521,cdbe1d285d49e38f7cbbb3791cc97d5958781ebc
49536,b4c59bf0104e5fdbb429b08c7037ae7e5c1c94d4
49549,ad8324902ec55c9efc691f9a71da1715e5eb9b38
49568,dfaa338230f32c02ca6303a44f247d647522d629
49597,d31161da4ece1468da84c933a3f3a8af7ef4ef0a
49631,bebc003f4829f97cac534729b0e6f67886453a27
49654,f0ae6637d7195946305607205daab33f1d314957
49736,a22e463ac5ca4e8df06c409f2b37245491c3bd42
49741,2e09da97e13d95073ecded7f4b46897527f6ff3c
49752,2a6be5409222c7e928da39601f866e3d672437d0
49805,1fa831c507eccbbaedc706d0a3a7965cbee967bf
49872,6a4424678ae575822d6a368e2a51d61d9c79e3a4
49922,1a8e983b0ddd773a07fae472963fab951e1e6307
49927,41c12ce05f18b757d9257e5ad4f8303b4b8a8758
49987,f0cd8df775b33e171e2f1f5454338e2f82feaa89
50013,df4c7bf431e399dcb00c54c78433a92712448954
50071,61a75478132dd11f4d4a324129afc97901331bb5
50083,11475d0126537135149b327e9f619854ccf648cc
50098,cbe161a3d8767529b2ddba2ba1a205d4a2591b30
50176,041b7d20f25aaf9a8099fa3f1b27f808865e6741
50286,5fd790368b6f551d1d5c92f42870dd863c24764f
50327,b39b7c8d8e88891b5a6a99706a6f094d511083c1
50384,ae0565253d822cdc47c645a1b29cb6a5e2e2ab16
50417,bf10781da66dec3d419edf7e4815abe065ea4f7e
50454,678ef45814603e36cd0bd87672804ccc47d66174
50502,61e4b4c3450ea2b8314c7831aa9362f91e8b4958
50530,e7843db6fb21375482ee11f61c737b12fc63ec95
50549,6b20c695038b400808b5e13413170dc93b753b43
50567,bec51a6edfdfb595e08b6dd15c14ca2fa6e688e5
50572,f827c585c1894295f672dc00d74b14f38772104a
50663,ae7634282bd6fc8854bfbdc8f2f6b1138f1710fa
50680,6b550319f04c55652e88d0a263ef5fc7b838c4cd
50713,13c44d776b293dba97c75e73c3403e2c6e59222f
50820,bd1db95232acfabb9f0da2e10ad862a32de040c4
50840,4629e4eb7e86f37f978f9e8f4666df2436f40880
50913,0abab34c46d6b9242720bf55e50e325a911d9d3a
51046,fe26897049e6e76ab3b68371a539a83812c6c439
51074,bb9f17ae7661950834991182c6ecd5fee2abb972
51123,2b05b8168397ff62eaae7f4acab25d9feaaa07bd
51167,9a7bd7299b8f017f94e86a3c0b091aa69cea4b14
51189,250c0fa2a77bc6695046e7c47882ecd85c42d748
51446,eea9b25dee0bda3755210a93f0d3d9fa4b9e8253
51490,53fc663a07c83b5b1c6ad969c4fab39268c00c3e
51515,23018f22809ad6525efcfd50feb04cb83c6a5463
51541,6721294e3d775b66c785ea0a3eecc8f0b499333a
51581,ace1b9f10babfb8a5d74be86714939feaf67ffe1
51593,e05f5b1dba3eece71df341b2b9160cf2e84bda39
51650,247a6e8d8f965e2a154037587fab821a3f77feb3
51694,55f0c8d5e645c1f20a7a4d146339838cdb2a9016
51709,2e00a82cbf31b6a87a2a71a4d55608492d84ec61
51725,6004b45b22da910be98f878a71f6bee6b1d68481
51736,27552e85f7de53bda2b0b4587b0f46b9120b9a65
51781,a633999a259275ac6b9bbadce2f5223be4b84bc3
51850,d6827addbd8d67274d7890f7d69db7d6c0302bf1
51901,5a8cf3fdb326ec8badf9f5aec7ae299ad6ac5eb6
51947,ffdaab327f2fc6b9fa01a4e3e7f41fdd0e468046
52340,89f424b98a4caf3feee2cfd9b7c818cf582f1fdf
52422,3d7634c76e11d9818bdf298489aa876a341c767c
52427,698b8ec50e17c3661193426680ed7c679679fbec
52456,2caa17673705d54e08c57c04df64b41ea3048c98
52462,e2a2b9802a28565f89fdc3202418f8dcc9380750
52475,5b1c50a36a346a4ceddb407494fb4afdbfb50ff8
52518,aa876295ce08b97122031066ea6bf40c00789bd6
52601,884a5d498d843e793b7713837c6c6a130c459d1b
52640,d5e305ec8a0f693b230563898d46f5541868f804
52728,2b55f7b00ca51d3f5bc084d925ea260a6981717f
52749,59f5b7c3fa305aa14216d0286b06d236e7fb4330
52789,1f2d0f82aae27c374b5c09ab5ef122f6e39fbad2
52868,3318bb8d08bb849a78486d86f17ad803a711df31
52888,2e928781d1466b7d3279e01b8e3f15e5aa547df2
52902,02192554db8fe6d17b6309aabb2b7526a2e58534
53257,954fbf1d5b9055cb9b60320f387e9e1bba4303f3
53277,ddd1dad4912ed6d279967264543bbc1fb23ee40f
53379,8df03f1f39b99c9ded7a636fff3f840484d02ab1
53401,309e0c91d88858969d386b44c026dc8413f16c7d
53468,caed80fe2d09a0fae6708fa5147b6272020d44d8
53483,363f3a329095b49eb73b688ec6023fd2a236f0fd
53544,04396079bfe2a35ee92522dfadf2056ef899c456
53579,0cba42133582514ac30d03ced146af4772ef0f37
53584,de5196164330c7811629893f4b5be3ccbcec392c
53597,313dc8146eba75429141cf96b4e1de449f7b4d78
53645,c7bf13b6d54e6469cd18e0b28493279836cfbc01
53654,df143479bd1ee4562986c0ff0c2bf7796c1b4277
53674,22b6baffe7de156c64060ebee5b3618f2aaf8c89
53695,2bcef2a30bd8913405971761a0e6c292d771c086
53716,a89c81854fa3f8d3e7a7721bc6a952a0140ac585
53755,f86d07cafe10bf1c1ac73c0c14e58ba01084087b
53934,b2c77b9bc8648f700a21fc2e0ee8b01497d574c3
53989,68969379cb3dc4a20ae6c03580093fc0a2e2c2cf
54018,ae62418946650e2c35ff7e323c1b040af7c28d9e
54214,39ad37a45f393f61d73200f76a68632718da079a
54226,941955c9b2530c99e77648e6eadc1628e5db4a0f
54249,76a30456a74c0d242c62719ef20a2a3029660691
54418,976d79c6c78d0d0ac2db779d04cf042444c53995
54448,03c3383cf5e6c7eceb030d822a8d933821c80903
54474,091c1da19c160b7beb81fac9a4af3236a6a87879
54517,d4695c9dd787fe390af0dd839af95447a6f33c43
54528,cead707ad799177aa5d85ff4a360f9e668c17594
54542,8c6544722d4f465079fac10a2f4c1aa07ec32122
54561,d85d4b1d80db62cef8ebd259640573acf9691295
54650,006edf2afa5cba7e65ccc97892021a129d7012dd
54727,f322f52c68040c701a1ed26524a03d6155a0b128
54773,f99b41cc1bf135172c752c9a39453a38d23d5f9e
54785,b9b276a7731491f39ad023b2a748449d54f5b214
54816,80c2726212c1fa0dd5ee491b1f824700e73874e3
54842,15029f57ba5513c3cdd2db2182b9401fa1babe52
54969,566f4a3ef7f67a0638c114daf7208c45762a708f
54973,6160e030523485a8cb0b81d2c21f0641bf3c065b
54993,ef6e46d7c76b881fbbc5b79d160d7266b45d5ef6
55013,c8f8a3f7aa2cc5539ccf8ec0e718c30e98140e91
55031,b206e48f555959696a152e9b8a2de466ecff4363
55078,98ae4cdcda7b9bbec82cd8648189ec556023857b
55091,ba25732b8a3778f67845e3090574571fd61f394a
55114,6bbe2fe100032825d5e746d5ff829b683c376680
55167,71c1e74cec63f582da9ff77bf0dcdc06819a9740
55192,4220226f95c176a2aa57be136d3251598c324230
55223,eb797b4fbc00b52bd283a5b5ea1d2078434d087c
55523,7d7cbc47d6a956967e593f62c9ec6549724e9b47
55608,8d0eeb69d8c2aa8438565fb1620057669c593f1c
55690,0d54fdbfbc00157fbd7fcd4b0b6c1996d88f8e68
55698,864e2cbaed71336ce0c84de78f261fb61b60824b
55712,cbca20a45f83866e5c0a629d20d2c5f37d25390a
55743,cb2d2df2bf610de651e23c315d4e5b252bc5afe2
55760,e404f8559272c3a2a1ec70a5c36b8ec41c3306ec
55771,13b2f228975636fceeaa47bdf06e35f644899ccd
55798,41875fd4c9c276950590a1f39898cb90da5e1488
55829,94752d31b4efa2882e65204468f9f09ce8ed12e2
55845,d77daa92827459fa97f320304deec875e2b7b2ad
55852,4862a26d989a8218ad4a5577aef0ae160015e56c
55884,2e50a0c0e1352c60f451a334b2d2f41b89bd4e56
55906,c06d85f48d4c2c9b0d4a4d0adc13a10a1f258216
55957,6bf42fc646d46df1dd4b7a38de4805845d762501
55968,b8812e995a3120738728d91651c90447939d2e34
55993,5cee26f8f0f6dd372408cbe7e625763c8e6ee6f5
56139,ea09a8d9a3a41dff966619fda3891d6b705ab0f7
56180,668b4bacac2797f9814c2c68f9c49791e2d8f685
56226,a3f790c513e6c4256a8cd446f440d28f693809b0
56246,bd1a9861cb27fd73cb6b7993b80fde2fd3aa2ecc
56268,f2f2a0601f1b548e20787c932d9675ec9fd1b854
56299,6b24f0204120666bfee16f154b9d072705b98c82
56318,944ee7750fb6b3f33bd86a387dfb98ff313f25f6
56327,756a10a35bc3381cbddbe2b124c51d671ab6ec7c
56359,eb9fad0ce8da7f37fc174b05361ec5c48012e491
56406,6ded7c6444dc038061319f872de268bc4d08b74c
56429,c40b7f335eafe18ac078ef82b5cff1b2ec12bae4
56472,33be7617c53e2288f6aa96b0101426d07bcc27f2
56481,4489c1b87617ccada12e8eb071dce19c615d6f83
56493,6693d001df06cdacb7dcd6f5d9fb30973fbaf23f
56590,ebbd489317f0bbe96533089e0c178609d773b0eb
56622,ddd0a7db706be9dafdce495d2fc2b8f0971054c8
56639,487f860d8444b6611d16307e89c4a80a07d61e7a
56697,f0e549312b6a25b8ceecbce10786c733b9509591
56776,6426f665b1b9c42caef28b19374cc0fb45cefe1b
56827,35d938cc0a561ff8b7d83951702b44d5774c9501
56941,8dada1c15a33b73d68b68dd3d53a4129262130a9
57007,000ebc858861aca26bac9b49f650ed424cf882fc
57487,38278b0a769e6efe01c9a462ef31412b9c18cfce
57512,bf19818e6cd5b15250fc490fd7049429e728ffa4
57561,17501ae58f82e21271ab403c56889027844a0cbc
57584,c3d5b2da5ccb7ae981cd09bfb5821ffbe6b670d2
57594,79f93851e840f9d1faeba586ee18b30fdb0008b6
57713,b1fac841c888bd4ef39620b3a9076dbf624e7550
57749,1cb20476da3a7ea6aea776dafa506220bbe2a2c7
57768,0d69e00392ce1b30944698e61e98837d6194a2f1
57869,03041e39e6f7994779855c780d04ff5f0afe1e1c
57929,13dc8e9709e615d1de2c729b9850024e27231570
57951,2711233494961615f572ae62504edf9cc20b96a7
58034,d45016e370290ed7fa9fd9cd9e68747002bc0f07
58065,1d8a06c0e7fac52920e6b0ba160d781d10756676
58156,f0adf73d62574718f4967efab1ea927d14f17209
58161,c5ebdd88fb947b8c8327e9af3c9cf2580669b73f
58178,32dad8d986e4d56101bf8244cd91a778318eeb1d
58323,6386d3ccb5d611599a9351bedb379dc4928922dc
58525,1b2950361c6dc9301d7ff0cb5c5e109911adb9ed
58558,59a5cce1fd6bfe2f6633316066399b4c893f3ba8
58581,fcaef9cb6b6242038f0d622244187d6639fd8792
58600,750c8a5cc7006e98ee6ae0e16ccb0aad965c541a
58655,a0168d118672bf948e603c0b388c52e7db8a2d94
58677,4fea5a036fbc80d903bc532b1b7ff3e5261d048d
58714,fc3abf9ca090c166d91c0aec4f9868a1e705983f
58727,50bc58e0e0d3766996ba6a5a5d08e099e83ff795
58745,65014d7a44af245dc85801c64bbeecbbcdefa701
58762,b8bcd5537ffe1392d48894b88e038802eb685da6
58785,e48d9f6a9b84402fff251ace4132df353833a023
58795,5e47421e4f42b4944be42f3d4a24bb71692e77e4
58836,ba995db87101386b1fa3bb1b2287c925105c6ca6
58869,bba6fb725533028403000b2ad162d539b108e834
58919,ffa24617ea80c268c74e86cd3ee3d9e7ac5504ec
58947,5ddd641ff934316d84abd36809c78b17dab9a68d
58972,b95a38c54a86b43f6882a012756fc97cde7c3e6c
58980,06d14f01b1d51acb598c505acbb5c4fb9b22970e
58999,57a9158b6b8306ae96682a63bc56c58391182dc8
59173,97ac3ac953452f626c8b50340a5ec80d6d36092f
59215,0326e611b315006ede3b22017d211d2c1d00dfc0
59248,9635598b15599e60f4d00329d6dd04dd8e892c77
59307,3e2cb33147fd8b89b5e1b1da8654aec6106ec943
59327,fdceac38d80a78e318cb915a11881e38b4e9678f
59350,819e9fd3ec44aae66119cc8998f7858817d2a838
59415,b32610e20833166c076a218a457f926b6714f21a
59427,74625cb68192f0f065bc926cfa1fd2016857afa8
59439,18624c56833b6a444eebcd145ff7d5dd2cc70229
59465,5240f591c50c852df192a63fa2dc509ef3c4bf30
59490,fd7b78f7c22a39b64bbb9e49cee0ffe2dac5b849
59507,649baf0c92c21aa19c4923a452ab6728f2c9517e
59522,f1e436e096be0b4d11cfbb4d33345efeae724552
59555,fd244ea034e6c441686cffe3347c94e5cdf7a9f7
59575,b174f4a932512496255c31bd0c259ce453b84b54
59594,428c41bf571b31ac1a56683128b37a3a901c774e
59608,45db066e24f20969f4df4510818378f57253b01f
59635,9d6d95e8fea3602dfc8a3dfaff56383e441d140a
59650,25aa0ec046aa788bf5366d7b7bf81c17fa022e46
59794,d68f41eadbbc26f23dc057aa09e951605e7627b3
59797,b6e4a38312096e5eaf2c93bc6bf320b2da71aea2
59835,6e240eea9c3992fc27373129c30a1ccb05810497
59874,c87433cd0aa3927d9c9a1a578f4936145568657b
59897,9bd9ad716c81193918dda5e452eb7abb3af7c148
59921,8709d3cf50b651da32f8371939a91667c66170d3
59926,84b0592ce1c73dc14102efcf7f39b9c75881661e
60043,52c3de39090b3919a30ed05f2576a35d80b4f2f6
60126,ade14284328980fbd486cce408c2e2a474324868
60143,4d3b5c3bd41132f428a7d78498cf28ab13b6b5ea
60155,ae589ae653f9c4323f6e100b5172325663275198
60197,4ef23caa33658d1daac6491bdb1a0c1ad7246930
60214,c819a19103a6c40a8840c9ce53f1f802704ee0ef
60307,7701a7b264c5f73ef3895d6dab2660f265c6c0e2
60313,c5f011c025db722ad5a2a3fcaa70d7be28c670a6
60549,6851161817224d028c3f98f20fef949c5a14eddb
60575,0c08a6af51b36477156ea4be5fa9e14b9b4890b1
60602,bf48671598090db7bc34917443f4acefba43dad0
60625,637108bd1c1f52ae3699682f4d05db3573d1c984
60653,224293713ad1bd2a8f431726e61e295a7ca9db29
60710,9d896b775656df1c65efe1b4c8961f6dc92649b4
60733,441c38e7acf1de6dc27ecdf47837b1b25cfeee83
60846,48389aa67a105054cfaa16406701c49b41f5d882
60857,57bfad86d580ac12fd6b3607ac6098623ec40002
60884,c32ddebaa05c84c929008996423258435d7786bf
60938,62efc0853731359fdd21f8c6d66289be86d5d8f4
60953,5a7d7741f07a3f3fcdf9aff03d01c12f3d6b2d47
61039,63ec43e72af4b7342eba6757dc5d94d5cb18675e
61057,1b29776229cb0bff4ab5035124826a6744cd5578
61081,332a1a7dba0492c743a6407a00edd370f7b1f90c
61101,e7939b65da3282b2552617dcef34d11a93744df9
61171,ffe50146303f1b12ea8254450b95580b1b99a5c4
61185,7811b2a297d4b549656913b4a2129bc832084793
61221,24b8357ca97ffe4868bbb7cf0c7027730821bff0
61252,7fca221e1d550e3e269f24d1a109106e58a919b1
61260,80f574f3cff31f2df22488fba2bf16e9e11356fa
61286,3d9dcc786143ec6624fbe131fdda4c16d07f3c81
61383,b407f63555ec058a0dfafc688d93eb8d4f8b05b9
61416,f0f3a04d889e7315b3a05a089752d1fa4c6d6149
61455,d3caf17505d2751ace5107201e3e070413a7477e
61495,fedb2196791cf130661f6566f772790ca37e1c40
61516,bcaef1d7a193b5a725cf1fc99516d8f347c59aba
61541,97108314fbfe395b2897fa0b403df8e7e818842c
61646,95af29aac5eecd32ae2a540d3e390faf915564cb
61680,2f8e8b9c828b98962fe39e08df20608b56fde4bf
61759,8e022d4141e2850e1a45dc5f5adabdadb6f9f1ac
61774,260178bb5663947cd7e6e91d0c59bc2d2e5a512e
61800,e33b75e136815304ddd2f13117b1e9a0cd3f34c5
61805,7c6a70a07da4f26dcecc4b1d7e0828a74bda32ee
61857,16d80debf70592c40ef9cd4be13fac9c0ed6891b
61870,dc0d5d2428766456bb946915d400c718d1344363
61891,feca9fd2b28770beb0632ac94b919df5ab9b98b2
61926,37edc24d8538cef191d779ab4556c6dcfaa90177
61941,2a13fadeadf72823ea67956906c4f19284fca546
61952,6003689a6bc76904f986af8972a4d7f0244a1173
61971,3c72bafd3c3112f29e99273b5c44de2e76c65861
61998,6b97221365128d65bf283246a66f521e2801490a
62002,b9900ac8184b5d8213b11a6ef4b530a0010d8e7d
62040,f6da67cb7bdcd4d657ec5fa9522bbfa39261d787
62061,c4c3e411ec1d4ed2ef694936940b09ef9990f671
62066,fd3b4d56e254080967e51c6a0bb83ef0c3d0b4ce
62091,959795bed6a43310b1f65c862171f2ed1c840bcf
62124,8b3cbd8851d6404cea8bf3a6696582962902f733
62173,0998e0b7c8a1b4d8129055fde623eff7224b590f
62200,07cfcd118b1b4d2d1e81b77401cd679c512c9312
62218,31287c5e87a06251f2f4b96eac1bcd58e9301ed3
62236,f1881a98a7a1fe9a0840076f2e46b7517977b127
62256,5d1b42be8bf7454dadb6f0c9f137e9cbf2f42c73
62268,d4fea6c72fe5b3c72b5483d532d97a482f250ea0
62325,4cc1a1d648428805d4f310a92d65c284ba9635b2
62448,7b21eb6a6e3d5cec12ba52d5847ec93546360d7c
62471,470c65144c49b122c4be2ea008cba342b7af2a9d
62603,8ed04296b2d7d886c16645dc647c125f73379f9f
62616,a0d5cd001da884b140a29386c15bcfef031147ff
62633,fc09d39ef077be2689901a029432e48d4073189b
62642,13fb9e1602966f8174923479947bc2eb429b29a0
62704,36e04d6a0c58663891893e525811a3a0bbb6d5c9
62718,0eeeeb2a6586507246434a3bb0d46b01254fc950
62738,16fe0924b195cf456e1084a02622afdd0e82d6e1
62756,cedc33e1560c8520901d42c9fac45fada19a73ef
62931,09214a301dd8e9f13533ca1cceb51329bbf8b350
62961,cbd65f46cd43312d8ebe43e44d1ddb35175b2c7c
62986,76b8e5cfed5f0d18b09d1b7d1de53917eb37e0a2
63066,073f8393be739d9d24cf360baf16bf7b92d61b0a
63097,42379d6e06e035a89224249edbe8b9f1dd311e15
63126,763bc5b74596f13274ea7b1adb5536dfb4359dbf
63152,4b0fac394ae709c2ebd30306121e81d4fa6a44c4
63185,bf19d70051aa9c75f8b677c417211fbc8bb5b0c5
63194,c9aba1d2f4a9cbfd8db4c03c5b7f1f7ed0441e21
63214,f552e50da680d82404f4c486c2a9a7b0bdd538e7
63247,04ec326432bd1faf07e05e33928fbebf9e5a02c2
63273,4c1aef5d8b2f0718aec106e1b5f281e70d394242
63296,16f3607ae705a9318b763a2b2c569796b9fc61a4
63319,184cabc80ff5eb8fc3872962cecf4a6709f7218f
63330,17dd68cae299c1f76a94cea03dad1e06aeab3f8a
63365,4aaa6038242f092a33b49558f59a94f0f47b6c5c
63502,369f7eda3eec0b835995ce75d0959340d82a96e8
63614,e8f72e335b6f869d9f27567cdeba786b8fc64999
63650,ce6c042247126e6e8bb88f2bd9f2d3a057044da1
63686,06bb28374d6fedc772a242b7922798c7b33d91e3
63695,3f73f44560e822344b0fb7c6b463869743eb9860
64026,511326d0808dd95949911cf07cb1d01ec51e4305
64047,54f413aa9c41d1028cd5d9b2c12843594fc8318e
64062,62c39ebced70b7a604682b8311215af24bf72ede
64078,63a423ec12f261453903e81b63dce12442fedf6b
64098,fffce9c1537fbc350ea68823d956eaa8f5236dbe
64154,7a4b8e7d2905d13422418b4f48cc85100892e013
64191,f6600774711b0e0b17ba228e64fc04cd868f7965
64273,06b57ae674fe035f38727ec2f305a9e770d9bb42
64333,230a15dcb189ff389bc907c52cf1bba6f6e9cd06
64365,5ae0540c5968b963caf8904f896f5cd16e67dd96
64412,5f2c1398028d1ac6c3e633e10198ac337374d3e4
64440,05c2b11d9e77eb2aa7beef0d772fb4452349963c
64480,a5344c8836e943f0b7e85841d9ff856b781df4f8
64511,90aecfe49a5a337b29bca4000d90d8cd502d3052
64562,2cb3c671c84248d11a50c1b12a3a41cfc0701094
64600,15c3875b184fd85b848743923732df25ae91102e
64615,af9b7a31985776724220deb77bc65f0c2f6ee6df
64639,11139dac10ad56f3ba0fa89551167e0d899df3fe
64659,4725bdc1d869433da25862c6a3ceeb3c0eb7064d
64703,e1e8964fab0fb36d25972a0f8a736fc8216da8ad
64748,0fc18c70129a86383495ea3d6e3acab6fbd2ab71
64778,445ab6e52d0719d28ff2721cd0bf763be99ca997
64797,dc177bc6f5aff56dd1a3014a97c6418eb2843042
64866,e08259367b91f9d707d17eb2de21ed79d18301ba
64891,22820abc07d28e9a735ecaef2ba80ec31462f8ee
64926,48bfce9497f69b7e5223f05b511c81881644529b
64957,8db352ce87e75fbb17f9d83b205b3a20f728a2a5
64965,19a9b9c8f0178e1311c929816dfd4e68f2b2602a
65060,fbf0a5ee9336e7ccac78427845244432a86399f3
65086,477a89909a0b7f91f033b0090a51e57b4c0d70cb
65096,83da0789ceb5980f50d9eaa9a8a4e87fc1498f6f
65213,5ee470fde1fc6c064bd0d6d412c2f30a9b42a235
65286,b4342ecfa7fec52459a91edcb25166abda890515
65382,59749835909476b19635a096467ad21b3f91bab9
65400,e3a2f086dcd44530c14a4bedba53777b1dc467a3
65431,3dd5f55c9716354f0e65c804debad68171fb367d
65454,04551dfbee64d50615a88ed378b23c2ddca7a594
65547,0aae3885afd9ec62df38635031d1e00cf7c091db
65571,5332cb3bc773dda2d7ef47d564d9b865de14b1dd
65700,51714fb541bafd8271bf8c6489d73e6ed09d1e4b
65720,47ad8b48f916e73250a2f7f5b37fa2ae89853917
65832,77b93ad043bbe4c4802f26f67ab958d9b6fcbd11
65859,08316a1df5ab5f3581e3dce7a67c13e96410770a
65868,a04c4d99245e6d4ebf5f636aa08db93209b2cc56
65898,ac78f06153ca2b6d1b34f68db99131a76f2a0660
65989,323f74035d47e9620f1fee25afc779129f341168
65998,9120552c3307880f2eb1bf2aefc61ca65560c6f2
66019,898f416a6f83bc44d9e70d3770e03fd50a3d1178
66089,0ab50fa8bb934531c0b7ec7bcce7f57c74c9efa1
66124,43903a3a4cd3e5a27856541d733f816c06891417
66146,6d50e6ffc091a51d1cec5a91c2fe78d1939ed980
66163,86bc105cb131af212f0764899558ae1d776f4ae2
66179,cedacf9603a3c6c4cd1fd869b4572232664a1fb2
66207,96f76c7f586ed6b169d520718164bffd61f54d81
66223,ff3a54c32ae353b78711f74251eee8611f5dfd12
66253,ebf60883ab4418a8506aa6d6bd08c68f3c88dd47
66292,4b280f93252f8587ce42abc19fd7e8eb0370b3f6
66334,9b062637743b7c3d91365b86026a4dcd02a57e43
66340,71655f6a0db605651edafabd42445e9bb7dc319b
66375,556d6850f1fc958b8e5dfb8fc5931f1fb2363c1a
66391,e12ff6d809877f9158135ef7c3b48eb28c5174bd
66609,0fa40519d4e6f85c9eaddcdf107e8f6d431942b5
66650,f96c2b3c44587cf91fdf2b89376be5850fcbadf4
66675,f0624acb45c275ad96f56c7a50467c3c210dd0e3
66720,ccb8c9369432912be3267abeb2b9c622e213b86d
66735,6842e15eab291e6eec09fcb2570d010f621b6edf
66745,6ecf40b62008fdc6aab46c247ffd9bfeef35b1f6
66758,04012eff4ce1c2950566a22947f9176ac9161e03
66781,0b51fa097a98d062774d8b4ef3210e86fb67d1b8
66802,01388705af361a3ded407ef2aa51fde175a73f64
66808,d39c5bc18e59d7976786cafaec11785c8fe54b9f
66831,d2c8662dc418e50ab0fc8463bca58ff85ea99195
66853,f3e406ab4b547f75574f7969c3abca8f336919e6
66891,425555311afc454a7054bb968aa94a3fb09d522c
66919,0513bf2c17c4ef3afdafcbde3d7005f1f04dbb05
66947,8544ddd0a2c723eb8263422e0816cfbb50915bde
67034,178e43d9c4e6cfccf3a371aed3532bc0ef030f11
67151,1367b0c8013d1e210afa55572050c914cbb4b35b
67170,37a026259d7bad97bb8ec17b541c6acdd4be1806
67185,d87c7ce35692ccc8d1a4567ea9f4869c6f075f8c
67196,73646f3c2f92b14bb6170180ea317d199b7ec60b
67213,bcf01716b790314dca8520e348f8bb87406257d6
67283,2c684fee5e727f29b7e8b24cd8996de337b7301d
67419,ac2a3bed0af41164a7bc009188de2634f105d214
67446,b943fa6a804abef677c48c67553bb8a1679ceae8
67514,f4d48f5d1e64ea857c34282fe61427678d9cb86f
67535,34c327464b7c8eaf912e6ba37cadcb64514b5900
67692,c3da351ddd314c55a2c4c2006907e70641757785
67696,e0e63fae655df23ed7e89ec0a7e70106af7bbb45
67750,35fc6ef651882f6755bb0f3b912e8713fb114946
67763,af7b5149f221be7d8d10571ca2b542b3bca462b8
67781,8ee6e14c86c3bf30a1140167e543358efacb3f1a
67800,3b17ec726f180e35a1af178de070ac6dce651706
67909,7b34cf23acd0d9c6652c35036d41e56857963006
68095,fde83324eb8c75a886d4e7c54162cca558ede800
68134,21388cacaa69d860fa639dc90ebc29cfa9614922
68232,e50f9451fcc57369d70f81171abba5af1d2b025f
68251,072843c8c10ccbc6dbac93618bfbcd655e2c520e
68281,3a610cf96beab182653dbf7c174fb4da14a351f1
68295,34818e8a330f03bec959ab7fbd583814cc5fe69b
68313,ebe79723c8f8dd3c305e71caaf5e7cf27e9147d3
68362,c56bc708dce2117fe60481a15e99b695f5cfe864
68491,0c79e2d11cc184029bf91b4039623a31b13ccc79
68521,03533d33ccb0319f1d87e1c7c32feb6cc09a3f53
68555,5b1f41769b970a3630e9155f686f4124ff2e5f57
68564,75f43e9c7eeff631e8b3ff969bc393ec03e994e1
68589,6cacce83c69d23dc9244cc68adb189406ba8364d
68599,a8f5cb4adc0a0e99acea91cdaa9e426d74fe95b1
68643,310f0757364c584819c9e7730fea92576730ba4c
68670,650318b44d86e9e48af5571dc5bfa88de5c67fe8
68722,d972b652bae154ce6d563648c88bd7eb9e7bf06c
68731,f502c5a9092f3e8f526677a21ce021f0de49b8f9
68762,9bf2de7776ce953b5c87d79c60430b98fd287d7e
68769,5fcf53abcff2865b62abea416fb3006e442844b0
68791,ee8c9fb4f14b35c28694ebda48597d2e37d508be
68800,2e020cb0777ab09e39f8e0ee53b91669124cdd96
68876,d15ccfe31ab990bab923ff5ee4970b83a735055b
68904,765b329f31421cb5ff118984dbcc1433f4d3ec2e
